Arquivo;Hits_DAMA_Limpo;Hits_BCBS_Limpo;Banco_Link;DAMA_Norm;BCBS_Norm;ISM_Bruto;Instituição_Oficial;Ano;Trimestre;Categoria;Tipo;CNPJ IF;Instituição financeira;Índice;Quantidade total de reclamações respondidas;Quantidade de reclamações procedentes;Quantidade de reclamações procedentes extrapoladas;Quantidade total de reclamações analisadas;Quantidade total de clientes – CCS e SCR;Quantidade de clientes – CCS;Quantidade de clientes – SCR;Abertura de conta de depósito com documentação ausente, insuficiente ou falsa;Abertura de conta de pagamento sem documentação necessária ou com documentação falsa;Abertura de conta de pagamento sem documentação necessária ou com documentação falsa - instituição de pagamento;Alteração contratual sem prévio aviso;Ausência de informações sobre as regras de funcionamento nos contratos de cartões de crédito ou seu descumprimento;Ausência de informações sobre as regras de funcionamento nos contratos de cartões de crédito ou seu descumprimento - instituição de pagamento;Ausência de título adequado relativo a cartão de crédito;Ausência de título adequado relativo a cartão de crédito consignado;Bloqueio de valores ou de conta fora do âmbito do Pix;Bloqueio de valores ou de conta fora do âmbito do Pix - instituição de pagamento;Cadastro positivo envolvendo instituição financeira;Cancelamento de contrato a pedido do cliente de conta de pagamento pré-paga não atendido - instituição de pagamento;Cancelamento de contrato a pedido do cliente de conta de pagamento pós-paga não atendido - instituição de pagamento;Cancelamento de contrato a pedido do cliente não atendido por instituição financeira;Cancelamento de contrato por iniciativa - instituição de pagamento;Cancelamento de contrato por iniciativa da instituição financeira;Cartão pré-pago;Cartão pré-pago - instituição de pagamento;Cartões de débito;Cartões de débito - instituição de pagamento;Cobrança irregular de tarifa em conta de pagamento pré-paga - instituição de pagamento;Cobrança irregular de tarifa em conta de pagamento pós-paga - instituição de pagamento;Cobrança irregular de tarifa em operação de crédito;Cobrança irregular de tarifa relacionada a conta ou serviços acessórios à conta;Cobrança irregular de tarifa relacionada ao cartão de crédito;Cobrança irregular para fins de remuneração de correspondentes no País;Cobranças diversas;Cobranças diversas de IPs;Concessão de crédito (exceto consignado) sem a formalização do título adequado;Concessão de crédito consignado sem a formalização do título adequado;Crédito consignado;Descumprimento contratual;Descumprimento contratual - instituição de pagamento;Descumprimento de ordem judicial;Descumprimento de prazo de bloqueio ou de prazo de devolução de cheque;Descumprimento de prazo de resposta da reclamação registrada no BCB;Descumprimento de prazo de resposta da reclamação registrada no BCB - instituição de pagamento;Dificuldade na liberação ou substituição de bem;Dificuldade para efetuar resgate antecipado de aplicação;Débito em conta de pagamento pré-paga não autorizado pelo cliente, ou não cumprimento das regras aplicáveis;Débito em conta de pagamento pré-paga não autorizado pelo cliente, ou não cumprimento das regras aplicáveis - instituição de pagamento;Débito em conta não autorizado pelo cliente, ou não cumprimento das regras aplicáveis;Débito em conta-salário não autorizado pelo cliente, ou não cumprimento das regras aplicáveis;Encaminhamento de instrumentos de pagamento não solicitados;Encaminhamento de instrumentos de pagamento não solicitados - instituição de pagamento;Falta de transparência na redação de documentos;Falta de transparência na redação de documentos - instituição de pagamento;Golpe;Inclusão de dados incorretos no CCS (Cadastro de Clientes do Sistema Financeiro Nacional);Inclusão de dados incorretos no CCS (Cadastro de Clientes do Sistema Financeiro Nacional) - instituição de pagamento;Insatisfação com a resposta recebida da instituição financeira referente à reclamação registrada no BCB;Insatisfação com a resposta referente à reclamação registrada no BCB recebida - instituição de pagamento;Insatisfação com o atendimento prestado pelo SAC ou Central de Relacionamento;Insatisfação com o atendimento prestado pelo SAC ou Central de Relacionamento - instituição de pagamento;Integridade, confiabilidade, segurança, sigilo e legitimidade das operações e serviços  - conta de pagamento pré-paga;Irregularidade na portabilidade salarial para contas de pagamento pré-pagas - instituição de pagamento;Irregularidades envolvendo a abertura de conta-salário;Irregularidades no processo de encerramento de conta de depósitos à vista;Irregularidades no processo de encerramento de conta de pagamento;Irregularidades no processo de encerramento de conta de pagamento - instituição de pagamento;Irregularidades relacionadas a boletos de pagamento (exceto ausência de contrato com beneficiário);Irregularidades relacionadas a boletos de pagamento (exceto ausência de contrato com beneficiário) para IPs;Irregularidades relacionadas a cédulas ou moedas;Irregularidades relacionadas a informações e liquidação de valores a receber no sistema SVR do BCB - instituições de pagamento;Irregularidades relacionadas a informações e liquidação de valores a receber no sistema SVR do BCB por parte de instituições financeiras;Irregularidades relacionadas a operações no mercado de câmbio;Irregularidades relacionadas a operações no mercado de câmbio para IPs;Irregularidades relacionadas a registros no Cadastro de Emitentes de Cheques sem Fundos (CCF);Irregularidades relacionadas ao Custo Efetivo Total (CET) de operação de crédito;Irregularidades relacionadas ao Sistema de Informações de Crédito do Banco Central (SCR);Irregularidades relacionadas ao Sistema de Informações de Crédito do Banco Central (SCR) - instituição de pagamento;Irregularidades relacionadas ao acompanhamento de conta;Irregularidades relacionadas ao acompanhamento de conta de pagamento;Irregularidades relacionadas ao acompanhamento de conta de pagamento - instituição de pagamento;Irregularidades relacionadas ao atendimento da Ouvidoria;Irregularidades relacionadas ao atendimento da Ouvidoria - instituição de pagamento;Irregularidades relacionadas ao fornecimento de documento para liquidação antecipada de operações de crédito;Irregularidades relacionadas ao fornecimento de documentos - instituição de pagamento;Irregularidades relacionadas ao fornecimento de documentos por conta de pagamentos pré-paga - instituição de pagamento;Irregularidades relacionadas ao fornecimento de documentos por conta de pagamentos pós-paga - instituição de pagamento;Irregularidades relacionadas ao fornecimento de documentos relativos a cartão de crédito;Irregularidades relacionadas ao fornecimento de documentos relativos a conta;Irregularidades relacionadas ao fornecimento de documentos relativos a operação de crédito, exceto para liquidação antecipada e descritivo do crédito.;Irregularidades relacionadas ao fornecimento de informações relativas a operação de crédito contratada (DDC);Irregularidades relacionadas ao fornecimento de outros documentos, exceto os relativos a cartão de crédito, conta e operação de crédito;Irregularidades relacionadas à devolução de cheques;Irregularidades relacionadas à liquidação de documentos (exceto cheques);Irregularidades relacionadas à liquidação de documentos (exceto cheques) - instituição de pagamento;Irregularidades relativas a dados cadastrais no Open Banking por instituições financeiras;Irregularidades relativas a dados transacionais no Open Banking por instituições financeiras;Irregularidades relativas a integridade, confiabilidade, segurança, sigilo ou legitimidade das operações e serviços disponibilizados em ATM;Irregularidades relativas a integridade, confiabilidade, segurança, sigilo ou legitimidade das operações e serviços disponibilizados em internet banking;Irregularidades relativas a integridade, confiabilidade, segurança, sigilo ou legitimidade das operações e serviços prestados relacionados a conta de pagamento pré-paga - instituição de pagamento;Irregularidades relativas a integridade, confiabilidade, segurança, sigilo ou legitimidade das operações e serviços prestados relacionados a conta de pagamento pós-paga - instituição de pagamento;Irregularidades relativas a integridade, confiabilidade, segurança, sigilo ou legitimidade das operações e serviços relacionados a cartões de crédito;Irregularidades relativas a integridade, confiabilidade, segurança, sigilo ou legitimidade das operações e serviços relacionados a cartões de débito;Irregularidades relativas a integridade, confiabilidade, segurança, sigilo ou legitimidade das operações e serviços, exceto as relacionadas a cartão de crédito, cartão de débito, internet banking, ATM, credenciadora e operação de crédito;Irregularidades relativas a integridade, confiabilidade, segurança, sigilo ou legitimidade dos serviços relacionados a operações de crédito consignado;Irregularidades relativas a integridade, confiabilidade, segurança, sigilo ou legitimidade dos serviços relacionados a operações de crédito, exceto consignado;Irregularidades relativas a operações de crédito de saldo devedor de fatura de cartão de crédito (rotativo e parcelamento) e respectiva cobrança de encargos;Irregularidades relativas a operações de crédito de saldo devedor de fatura de cartão de crédito (rotativo e parcelamento) e respectiva cobrança de encargos - instituições de pagamento;Irregularidades relativas a telemarketing, SMS ou Whatsapp com oferta de produtos e serviços;Irregularidades relativas à iniciação de transação de pagamento no Open Banking por instituições financeiras;Juros e preços;Liberação de recursos em financiamento imobiliário;Limites de transação;Limites de transação - instituição de pagamento;Não acatamento de solicitação de cancelamento de débitos automáticos em conta de pagamento pré-paga ou não cumprimento das regras aplicáveis - instituição de pagamento;Não acatamento de solicitação de cancelamento de débitos automáticos em conta de pagamento pré-paga, ou não cumprimento das regras aplicáveis;Não acatamento de solicitação de cancelamento de débitos automáticos em conta ou não cumprimento das regras aplicáveis;Não acatamento de solicitação de cancelamento de débitos automáticos em conta-salário ou não cumprimento das regras aplicáveis;Oferta ou prestação de informação a respeito de produtos e serviços de forma inadequada para conta de pagamento pré-paga - instituição de pagamento;Oferta ou prestação de informação a respeito de produtos e serviços de forma inadequada para conta de pagamento pós-paga - instituição de pagamento;Oferta ou prestação de informação sobre a conta ou serviços acessórios de forma inadequada ;Oferta ou prestação de informação sobre crédito consignado de forma inadequada;Oferta ou prestação de informação sobre o cartão de crédito de forma inadequada ;Oferta ou prestação de informação sobre operação de crédito de forma inadequada, exceto crédito consignado;Oferta ou prestação de informação sobre produtos e serviços de forma inadequada, exceto as relacionadas a cartão de crédito, conta e serviços acessórios, credenciadora de cartão e operação de crédito;Outras irregularidades ;Outras irregularidades - instituição de pagamento;Outras irregularidades relacionadas a cartões de crédito;Outras irregularidades relacionadas a cartões de crédito - instituição de pagamento;Outras irregularidades relacionadas a cheques;Outras irregularidades relacionadas a tarifas;Outras irregularidades relacionadas à portabilidade de operações de crédito de pessoa natural;Outros assuntos não regulados relacionados a cartão de crédito;Outros assuntos não regulados relacionados a cartão de crédito - instituição de pagamento;PIX - Chaves - instituição de pagamento;PIX - Diversos - instituição de pagamento;PIX - Iniciação - instituição de pagamento;Pix  - chaves;Pix - Bloqueio ou devolução de valores;Pix - Bloqueio ou devolução irregular de valores - instituição de pagamento;Pix - Dificuldade para solicitar ou realizar devolução;Pix - Dificuldade para solicitar ou realizar devolução - instituição de pagamento;Pix - Saque e Pix - Troco;Pix - diversos;Pix - experiência do usuário;Pix - experiência do usuário - instituição de pagamento;Pix - iniciação;Pix - liquidação;Pix - liquidação - instituição de pagamento;Pix - outros;Pix - outros - instituição de pagamento;Pix - tarifa - instituição de pagamento;Pix Automático;Planos Econômicos - divergências no saldo de cadernetas de poupança;Prestação de serviço de forma irregular em conta-salário;Problemas enfrentados com o atendimento preferencial;Reclamações relacionadas a assuntos diversos;Reclamações relacionadas a assuntos diversos envolvendo - instituição de pagamento;Recusa de cancelamento de pacote de serviços;Recusa de produtos ou serviços;Recusa de produtos ou serviços - instituição de pagamento;Recusa ou dificuldade de acesso aos canais de atendimento convencionais;Renegociação de dívida (exceto cartão de crédito);Renegociação de dívida em instituição de pagamento;Restrição à realização de portabilidade de operações de crédito (exceto crédito consignado e financiamento imobiliário) relativas a pessoas naturais;Restrição à realização de portabilidade de operações de crédito consignado relativas a pessoas naturais;Restrição à realização de portabilidade de operações de crédito relativas a pessoas jurídicas;Restrição à realização de portabilidade de operações de financiamento imobiliário relativas a pessoas naturais;Restrições cadastrais;Restrições cadastrais por parte - instituição de pagamento;Segurança bancária;Tempo de espera em fila;Terminais eletrônicos, internet e aplicativos;Terminais eletrônicos, internet e aplicativos - instituição de pagamento;Transações não reconhecidas pelo titular da conta, realizadas por terceiros (invasão de conta) - instituição de pagamento;Transações não reconhecidas pelo titular da conta, realizadas por terceiros (invasão de conta) em instituições financeiras;Utilização incorreta da taxa de desconto no cálculo do valor presente relacionadas às demais operações de crédito, exceto as de crédito consignado e de financiamento imobiliário;Utilização incorreta da taxa de desconto no cálculo do valor presente relacionadas às operações de crédito consignado;Utilização incorreta da taxa de desconto no cálculo do valor presente relacionadas às operações de financiamento imobiliário;PC1;PC2;Instituicao;Conglomerado;Segmento_BC;Ativos_Totais_R$Bi;Clientes_Mi;Valor_Mercado_R$Bi;Lucro_Anual_R$Bi;Indice_Resolutividade;Reclamacoes_Trimestre;ROE_Anual
00.f Relatório Anual Integrado Banco do Brasil 2024.pdf;51;78;BANCO DO BRASIL;1.0;0.5652173913043478;0.7391304347826086;BB (conglomerado);2025;4º;Top 15 - Bancos, Financeiras e Instituições de Pagamento;Conglomerado; ;BB (conglomerado);16.22;25122;51;1330;963;81983236.0;75850356;38680544;52;0;0;0;0;0;0;0;0;0;0;0;0;26;0;0;0;0;0;0;0;0;0;0;0;0;0;0;26;26;0;0;0;0;0;0;0;0;0;0;0;0;0;26;0;0;0;0;0;0;0;0;26;0;26;0;0;52;0;0;0;0;0;0;0;0;0;0;0;0;0;0;0;0;0;0;0;0;0;0;0;0;26;130;26;0;0;0;0;0;26;52;0;0;209;52;183;78;52;0;0;0;0;0;0;26;0;0;0;0;0;0;0;0;26;0;0;78;0;0;0;0;0;0;0;0;0;0;0;0;0;0;0;0;0;0;0;0;0;0;0;0;0;0;0;0;0;0;0;0;0;0;0;0;26;0;0;0;0;0;0;0;0;0;0;0;0;0;78;0;0;0;0.62108284;-0.061378196;Banco do Brasil;BANCO DO BRASIL;S1;2485.0;81.983236;120.4;35.6;0.82;25122.0;0.215
00.f Relatório Anual Integrado Citibank 2022.pdf;13;138;CITIBANK;0.2549019607843137;1.0;0.7019607843137254;CITIBANK (conglomerado);2025;4º;Demais Bancos, Financeiras e Instituições de Pagamento;Conglomerado; ;CITIBANK (conglomerado);57.37893045673629;33;1;1;23;17428.0;17232;1006;0;0;0;0;0;0;0;0;0;0;0;0;0;0;0;0;0;0;0;0;0;0;0;0;0;0;0;0;0;0;0;0;0;0;0;0;0;0;0;0;0;0;0;0;0;0;0;0;0;0;0;0;1;0;0;0;0;0;0;0;0;0;0;0;0;0;0;0;0;0;0;0;0;0;0;0;0;0;0;0;0;0;0;0;0;0;0;0;0;0;0;0;0;0;0;0;0;0;0;0;0;0;0;0;0;0;0;0;0;0;0;0;0;0;0;0;0;0;0;0;0;0;0;0;0;0;0;0;0;0;0;0;0;0;0;0;0;0;0;0;0;0;0;0;0;0;0;0;0;0;0;0;0;0;0;0;0;0;0;0;0;0;0;0;0;0;0;0;0;0;0;0;0.75391465;0.17594627;Citibank;CITIBANK;S2;221.0;0.017428;;1.2;0.9;33.0;0.08
00.f Relatório Anual Integrado Banco Caixa 2024.pdf;11;96;BANCO CAIXA;0.21568627450980393;0.6956521739130435;0.5036658141517476;CAIXA ECONÔMICA FEDERAL (conglomerado);2025;4º;Top 15 - Bancos, Financeiras e Instituições de Pagamento;Conglomerado; ;CAIXA ECONÔMICA FEDERAL (conglomerado);17.23;20136;130;2724;961;158055739.0;156657324;30057278;105;0;0;0;0;0;21;0;0;0;0;0;0;126;0;0;0;0;0;0;0;0;0;21;0;0;0;0;105;42;0;0;0;0;0;0;0;0;0;0;0;42;0;0;0;0;0;0;0;0;0;0;230;0;0;0;0;63;0;0;0;0;0;0;21;0;0;0;0;42;0;42;0;0;0;0;0;0;0;0;0;21;147;126;21;0;0;0;0;0;21;168;0;0;230;42;63;63;398;147;0;0;0;0;0;0;0;0;0;21;0;0;0;42;0;21;21;105;0;0;0;0;0;0;0;0;0;0;0;0;0;0;0;42;0;0;0;0;0;0;0;0;0;0;0;0;0;42;0;0;0;0;0;0;0;0;0;0;0;0;0;0;0;0;0;0;0;0;126;0;0;0;-1.5954795;0.94967645;Caixa Econômica;CAIXA;S1;2140.0;158.055739;;11.7;0.75;20136.0;0.06
00.f Relatório Anual Integrado Banco BTG Pactual 2024.pdf;32;50;BANCO BTG PACTUAL;0.6274509803921569;0.36231884057971014;0.4683716965046888;BTG PACTUAL/BANCO PAN (conglomerado);2025;4º;Top 15 - Bancos, Financeiras e Instituições de Pagamento;Conglomerado; ;BTG PACTUAL/BANCO PAN (conglomerado);33.67;8750;181;901;1724;26750691.0;21833101;10332703;5;0;0;0;0;0;5;5;15;0;0;0;0;40;0;0;0;0;0;0;0;0;0;0;5;0;0;0;0;15;0;0;0;0;0;5;0;0;0;0;0;15;0;0;0;0;0;0;0;0;10;0;164;0;0;0;0;20;0;0;0;0;0;0;5;0;0;0;0;10;0;15;0;0;0;0;25;0;0;0;5;0;20;10;0;0;0;0;0;5;0;10;0;0;124;25;30;55;50;15;0;0;0;0;0;0;0;0;0;0;0;0;0;5;30;50;70;15;0;0;0;0;0;0;0;0;0;0;0;0;0;5;0;5;0;0;0;0;0;0;0;0;0;0;0;0;0;0;0;0;0;0;0;0;0;0;0;0;10;0;0;0;0;0;0;0;0;0;5;0;0;0;0.676365;0.0892009;BTG Pactual;BTG PACTUAL/PAN;S1;684.0;26.750691;155.3;11.5;0.88;8750.0;0.23
00.f Relatório Anual Integrado Banco de Brasília 2023.pdf;11;80;BANCO DE BRASÍLIA;0.21568627450980393;0.5797101449275363;0.4341005967604433;BRB (conglomerado);2025;4º;Demais Bancos, Financeiras e Instituições de Pagamento;Conglomerado; ;BRB (conglomerado);190.49;3938;395;1753;987;9202174.0;5031959;4788828;9;0;0;0;0;0;155;9;22;0;0;0;0;18;0;0;0;0;0;0;0;0;0;0;4;0;0;0;27;18;0;0;0;0;0;0;0;0;0;0;0;129;18;4;0;0;0;0;4;0;22;0;98;0;0;0;0;22;0;0;0;0;0;0;0;0;0;0;0;164;0;18;0;0;0;0;18;0;0;0;4;4;31;31;0;0;0;0;0;0;4;4;0;0;120;9;13;84;40;27;0;0;0;0;0;62;0;0;0;302;4;0;0;0;71;40;22;36;0;0;0;0;0;0;4;0;0;0;0;0;0;4;0;9;0;0;0;0;0;4;4;0;0;0;0;0;0;0;0;0;0;0;0;0;0;0;0;0;53;0;0;0;0;0;0;0;0;0;0;0;4;0;-0.5209481;0.30139828;Banco de Brasília;BRB;S3;49.3;9.202174;1.05;0.2;0.574;3938.0;
00.f Relatório Anual Integrado XP Inc 2024.pdf;27;32;XP INC;0.5294117647058824;0.2318840579710145;0.35089514066496164;XP (conglomerado);2025;4º;Demais Bancos, Financeiras e Instituições de Pagamento;Conglomerado; ;XP (conglomerado);33.89;885;108;236;405;6963052.0;6960694;1180141;13;0;0;0;0;0;0;0;4;0;0;0;0;0;0;0;0;0;0;0;0;0;0;2;0;0;0;0;0;0;0;0;0;0;0;2;0;0;0;0;0;0;0;0;0;0;0;0;2;0;2;0;7;0;0;0;0;26;0;0;0;0;0;0;0;0;0;0;0;2;0;2;0;0;0;0;0;0;0;0;0;0;2;4;0;0;0;0;0;0;0;4;0;0;72;2;35;0;0;7;0;0;0;0;0;24;0;0;0;0;0;0;0;4;0;9;0;0;0;0;0;0;0;0;0;0;0;0;0;0;0;0;0;2;0;0;0;0;0;2;0;0;0;0;0;0;0;4;0;0;0;0;0;0;0;0;0;0;0;0;0;0;0;0;0;0;0;0;0;0;0;0;0.4508449;-0.2790636;XP Inc;XP;S2;250.0;6.963052;62.4;4.3;0.86;885.0;0.22
00.f Relatório Anual Integrado Banco Itaú Unibanco 2024.pdf;19;45;BANCO ITAÚ UNIBANCO;0.37254901960784315;0.32608695652173914;0.34467178175618074;ITAU (conglomerado);2025;4º;Top 15 - Bancos, Financeiras e Instituições de Pagamento;Conglomerado; ;ITAU (conglomerado);36.24;31413;401;3636;3703;100321592.0;85390737;51933769;27;0;0;0;0;0;0;0;9;0;0;0;0;18;0;0;0;0;0;0;0;0;0;0;36;0;0;0;54;27;0;0;0;0;0;0;0;0;0;9;0;363;36;9;0;0;0;0;18;0;36;0;308;0;0;0;18;73;0;0;0;0;0;9;0;9;0;0;0;54;0;18;0;0;0;0;18;0;0;0;27;18;45;145;18;0;0;0;0;0;9;54;0;0;517;27;45;508;245;281;0;0;0;0;0;45;0;0;9;73;9;0;0;63;45;109;54;63;0;0;0;0;0;0;0;0;0;0;0;0;0;0;0;9;0;0;0;9;0;0;9;0;0;0;0;0;0;0;0;0;0;9;0;0;18;0;0;0;18;0;0;0;0;0;0;0;0;0;0;0;0;0;0.028693601;-0.017913263;Itaú Unibanco;ITAU;S1;3012.0;100.321592;370.9;40.0;0.85;31413.0;0.21
00.f Relatório Anual Integrado Santander 2025.pdf;20;33;SANTANDER;0.39215686274509803;0.2391304347826087;0.30034100596760444;SANTANDER (conglomerado);2025;4º;Top 15 - Bancos, Financeiras e Instituições de Pagamento;Conglomerado; ;SANTANDER (conglomerado);27.29;24300;144;1929;1556;70689072.0;66120172;25933985;0;0;13;0;0;0;13;0;0;0;0;0;0;0;0;0;0;0;0;0;0;0;0;0;0;0;0;0;27;0;0;0;0;0;0;0;0;0;0;0;0;80;13;0;0;0;0;0;13;0;40;0;94;0;0;0;0;13;0;0;0;0;0;0;0;0;0;0;13;54;0;27;0;0;0;0;13;0;0;0;0;13;0;80;13;0;0;0;0;0;40;27;0;0;174;40;27;80;281;0;0;0;0;0;0;0;0;0;0;0;0;0;0;40;0;40;348;281;0;0;0;0;0;0;0;0;0;0;0;0;0;0;0;0;0;0;0;0;0;0;0;0;0;0;0;0;0;0;0;0;0;0;0;0;0;0;0;13;0;0;0;0;0;0;0;0;0;0;13;0;0;0;0.26243883;0.8464492;Santander;SANTANDER;S1;1255.0;70.689072;115.8;10.3;0.84;24300.0;0.14
00.f Relatório Anual Integrado Banco ABC 2024.pdf;14;36;BANCO ABC;0.27450980392156865;0.2608695652173913;0.2663256606990622;ABC-BRASIL (conglomerado);2025;4º;Demais Bancos, Financeiras e Instituições de Pagamento;Conglomerado; ;ABC-BRASIL (conglomerado);21.11263591259369;15;1;2;8;47365.0;42893;8950;0;0;0;0;0;0;0;0;0;0;0;0;0;0;0;0;0;0;0;0;0;0;0;0;0;0;0;0;0;0;0;0;0;0;0;0;0;0;0;0;0;0;0;0;0;0;0;0;0;0;0;0;0;0;0;0;0;0;0;0;0;0;0;0;0;0;0;0;0;0;0;0;0;0;0;0;0;0;0;0;0;0;0;0;0;0;0;0;0;0;0;0;0;0;0;0;0;0;2;0;0;0;0;0;0;0;0;0;0;0;0;0;0;0;0;0;0;0;0;0;0;0;0;0;0;0;0;0;0;0;0;0;0;0;0;0;0;0;0;0;0;0;0;0;0;0;0;0;0;0;0;0;0;0;0;0;0;0;0;0;0;0;0;0;0;0;0;0;0;0;0;0;0.28453782;0.6751031;Banco ABC;ABC-BRASIL;S3;65.0;0.047365;4.8;0.8;0.88;15.0;0.12
00.f Relatório Anual Integrado Banco do Nordeste 2024.pdf;2;54;BANCO DO NORDESTE;0.0392156862745098;0.391304347826087;0.2504688832054561;BCO DO NORDESTE DO BRASIL S.A. (conglomerado);2025;4º;Demais Bancos, Financeiras e Instituições de Pagamento;Conglomerado; ;BCO DO NORDESTE DO BRASIL S.A. (conglomerado);0.27083301736147974;359;3;5;204;11076936.0;10598233;3799643;0;0;0;0;0;0;0;0;0;0;0;0;0;0;0;0;0;0;0;0;0;0;0;0;0;0;0;0;0;0;0;0;0;0;0;0;0;0;0;0;0;0;0;0;0;0;0;0;0;0;2;0;2;0;0;0;0;0;0;0;0;0;0;0;0;0;0;0;0;0;0;0;0;0;0;0;0;0;0;0;0;0;0;0;0;0;0;0;0;0;0;0;0;0;0;0;0;0;0;0;0;0;0;0;0;0;0;0;0;0;0;0;0;0;0;0;0;0;0;0;0;0;0;0;0;0;0;0;0;0;0;0;0;2;0;0;0;0;0;0;0;0;0;0;0;0;0;0;0;0;0;0;0;0;0;0;0;0;0;0;0;0;0;0;0;0;0;0;0;0;0;0;0.2553097;-0.05708372;Banco do Nordeste;DO NORDESTE;S2;82.0;11.076936;11.05;1.1;0.76;359.0;0.13
00.f Relatório Anual Integrado Banco Banrisul 2024.pdf;15;16;BANCO BANRISUL;0.29411764705882354;0.11594202898550725;0.18721227621483377;BANRISUL (conglomerado);2025;4º;Demais Bancos, Financeiras e Instituições de Pagamento;Conglomerado; ;BANRISUL (conglomerado);33.35;1789;61;194;565;5814177.0;4243405;4356698;3;0;0;0;0;0;0;0;0;0;0;0;0;0;0;0;0;0;0;0;0;0;0;0;0;0;0;0;0;0;0;0;0;0;0;0;0;0;0;0;0;19;38;0;0;0;0;0;0;0;0;0;16;0;0;0;3;10;0;0;0;0;0;0;0;0;0;0;0;0;0;0;0;0;0;0;3;0;3;0;0;0;0;0;0;0;0;0;3;0;3;3;0;0;22;0;10;10;0;6;0;0;0;0;0;0;0;0;0;6;0;0;0;0;16;0;0;3;0;0;0;0;0;0;0;0;0;0;0;0;0;0;0;0;0;0;0;0;0;0;0;0;0;0;0;0;0;16;0;0;0;0;0;0;0;0;0;0;0;0;0;0;0;0;0;0;0;0;0;0;0;0;0.7915188;0.17666426;Banrisul;BANRISUL;S2;125.0;5.814177;5.1;0.9;0.79;1789.0;0.07
00.f Relatório Anual Integrado Banco da Amazônia 2024.pdf;5;34;BANCO DA AMAZÔNIA;0.09803921568627451;0.2463768115942029;0.18704177323103155;BCO DA AMAZONIA S.A. (conglomerado);2025;4º;Demais Bancos, Financeiras e Instituições de Pagamento;Conglomerado; ;BCO DA AMAZONIA S.A. (conglomerado);13.751999196883247;70;10;16;43;727167.0;679627;224845;0;0;0;0;0;0;0;0;0;0;0;0;0;0;0;0;0;0;0;0;0;0;2;0;0;0;0;0;0;0;0;0;0;0;0;0;0;0;0;0;0;0;0;0;0;0;0;0;2;0;0;0;2;0;0;0;0;0;0;0;0;0;0;0;0;0;0;0;0;2;0;0;0;0;0;0;0;0;0;0;0;0;5;0;0;0;0;0;0;0;0;0;0;0;0;0;0;0;2;0;0;0;0;0;0;0;0;0;0;0;0;0;0;0;0;0;2;0;0;0;0;0;0;0;0;0;0;0;0;0;2;0;0;0;0;0;0;0;0;0;0;0;0;0;0;0;0;0;0;0;0;0;0;0;0;0;0;0;0;0;0;0;0;0;0;0;0;0;0;0;0;0;0.7289825;-0.15803257;Banco da Amazônia;BANCO DA AMAZÔNIA;S2;54.3;0.727167;3.88;1.1;0.263;70.0;0.182
00.f Relatório Anual Integrado Bradesco 2024.pdf;9;20;BRADESCO;0.1764705882352941;0.14492753623188406;0.15754475703324808;BRADESCO (conglomerado);2025;4º;Top 15 - Bancos, Financeiras e Instituições de Pagamento;Conglomerado; ;BRADESCO (conglomerado);43.89;34725;420;4849;2846;110474071.0;104714733;44437305;12;12;12;0;0;0;69;0;23;0;0;0;0;46;0;0;0;0;0;0;0;0;0;46;23;0;0;0;46;0;0;0;0;0;0;0;0;0;0;12;0;173;23;12;0;0;0;0;12;0;12;0;323;0;12;0;0;23;12;0;0;0;0;0;12;0;0;0;12;115;0;208;12;0;0;0;23;0;0;0;104;0;115;104;12;0;12;0;0;0;23;23;0;0;531;23;69;219;993;439;0;0;0;0;0;92;0;0;0;127;0;0;0;69;58;92;162;104;0;0;0;0;0;0;0;0;0;0;0;0;12;0;0;12;0;0;0;0;0;12;0;0;0;0;0;0;0;12;0;0;0;0;0;0;0;0;0;0;35;0;0;0;0;0;0;0;0;0;115;0;0;0;0.015626717;-0.2688424;Bradesco;BRADESCO;S1;2085.0;110.474071;165.2;17.8;0.8;34725.0;0.13
00.f Relatório Anual Integrado Stone 2025.pdf;8;18;STONE;0.1568627450980392;0.13043478260869565;0.14100596760443307;STONE IP (conglomerado);2025;4º;Demais Bancos, Financeiras e Instituições de Pagamento;Conglomerado; ;STONE IP (conglomerado);19.06;1606;78;270;462;14153075.0;14152920;164;0;0;28;0;0;0;0;0;0;0;0;3;0;0;0;0;0;0;0;0;0;0;0;0;0;0;0;0;0;0;0;0;0;0;0;0;0;0;0;0;3;0;0;0;0;0;0;0;0;7;0;7;3;10;3;0;0;0;0;7;0;0;0;7;0;0;0;0;0;0;0;0;7;107;0;0;0;0;0;0;0;0;0;0;0;0;0;0;0;0;0;0;52;10;0;3;0;0;0;0;0;0;0;0;0;0;0;0;0;0;0;3;0;0;0;0;0;0;0;0;0;0;0;0;0;0;0;0;0;0;0;0;0;0;3;0;0;0;0;0;0;3;0;0;0;0;0;0;0;0;0;0;0;0;0;0;0;0;0;0;0;0;0;0;0;0;0;0;0;0;0;0;0.53471416;0.9798997;Stone;STONE;S3;45.0;14.153075;22.1;1.6;0.82;1606.0;0.14
00.f Relatório Anual Integrado PagBank 2024.pdf;7;19;PAGBANK;0.13725490196078433;0.13768115942028986;0.13751065643648763;PAGBRASIL TECNOLOGIA IP (conglomerado);2025;4º;Demais Bancos, Financeiras e Instituições de Pagamento;Conglomerado; ;PAGBRASIL TECNOLOGIA IP (conglomerado);0.0;21;0;0;13;1.0;1;0;0;0;0;0;0;0;0;0;0;0;0;0;0;0;0;0;0;0;0;0;0;0;0;0;0;0;0;0;0;0;0;0;0;0;0;0;0;0;0;0;0;0;0;0;0;0;0;0;0;0;0;0;0;0;0;0;0;0;0;0;0;0;0;0;0;0;0;0;0;0;0;0;0;0;0;0;0;0;0;0;0;0;0;0;0;0;0;0;0;0;0;0;0;0;0;0;0;0;0;0;0;0;0;0;0;0;0;0;0;0;0;0;0;0;0;0;0;0;0;0;0;0;0;0;0;0;0;0;0;0;0;0;0;0;0;0;0;0;0;0;0;0;0;0;0;0;0;0;0;0;0;0;0;0;0;0;0;0;0;0;0;0;0;0;0;0;0;0;0;0;0;0;0.2708862;0.13118356;PagBank;PAGSEGURO;S3;58.0;33.963849;18.2;1.8;0.76;4962.0;0.16
00.f Relatório Anual Integrado Banco Inter 2024.pdf;8;16;BANCO INTER;0.1568627450980392;0.11594202898550725;0.13231031543052002;INTER (conglomerado);2025;4º;Top 15 - Bancos, Financeiras e Instituições de Pagamento;Conglomerado; ;INTER (conglomerado);39.23;8567;171;1647;882;41962921.0;41654010;8797904;10;0;0;0;0;0;0;0;10;0;0;0;0;10;0;0;0;0;0;0;0;0;0;0;0;0;0;0;0;0;0;0;0;0;0;0;0;0;0;0;0;96;10;0;0;0;0;0;10;0;10;10;327;19;0;0;0;0;0;0;0;0;0;0;0;0;0;0;0;10;0;77;10;0;0;0;19;0;0;0;10;0;0;29;0;0;19;0;0;0;0;67;0;10;308;0;67;58;48;87;10;0;0;0;0;10;0;0;0;10;0;0;0;29;29;58;29;10;0;0;0;0;0;0;0;0;0;0;0;0;10;0;0;48;0;0;0;0;0;29;10;0;0;0;0;0;0;10;0;0;0;0;0;0;0;0;0;0;29;0;0;0;0;0;0;0;0;0;0;0;0;0;0.19551301;-0.11289535;Banco Inter;INTER;S3;115.0;41.962921;28.5;0.5;0.78;8567.0;0.08
00.f Relatório Anual Integrado Banco Original 2025.pdf;0;30;BANCO ORIGINAL;0.0;0.21739130434782608;0.13043478260869565;ORIGINAL (conglomerado);2025;4º;Demais Bancos, Financeiras e Instituições de Pagamento;Conglomerado; ;ORIGINAL (conglomerado);71.72;1033;38;93;420;1303116.0;25299;1282797;2;0;0;0;0;0;0;0;0;0;0;0;0;2;0;0;0;0;0;0;0;0;0;0;0;0;0;0;32;2;0;0;0;0;0;0;0;0;0;2;0;2;0;0;0;0;0;0;0;0;2;0;2;0;0;0;0;5;0;0;0;0;0;0;0;0;0;0;0;7;0;0;0;0;0;0;2;0;0;0;0;2;0;7;0;0;0;0;0;0;0;0;0;0;0;0;0;0;5;0;0;0;0;0;0;0;0;0;0;0;0;0;0;0;0;0;5;0;0;0;0;0;0;0;0;0;0;0;0;0;2;0;0;2;0;0;0;0;0;0;0;0;0;0;0;0;0;0;0;0;0;0;0;0;0;0;0;0;5;0;0;0;0;0;0;0;0;0;0;0;0;0;-0.54149795;-0.46783942;Banco Original;ORIGINAL;S3;32.141684;1.303116;;0.010893;0.437;1033.0;
00.f Relatório Anual Integrado Banco Votorantim 2025.pdf;4;22;BANCO VOTORANTIM;0.0784313725490196;0.15942028985507248;0.12702472293265132;VOTORANTIM (conglomerado);2025;4º;Demais Bancos, Financeiras e Instituições de Pagamento;Conglomerado; ;VOTORANTIM (conglomerado);59.55;3041;196;564;1087;9466914.0;7318240;3675636;14;20;9;0;0;0;0;0;0;3;0;0;0;3;0;0;0;0;0;0;0;0;0;0;3;0;0;0;12;0;0;0;0;0;0;0;0;0;0;0;0;0;0;3;0;0;0;0;9;0;20;0;46;3;0;0;0;3;0;0;3;0;0;0;3;0;0;0;0;32;0;6;0;6;0;0;0;0;6;0;0;3;12;17;6;0;0;0;3;0;0;0;0;6;72;3;26;12;37;20;0;0;0;0;0;6;0;3;0;0;0;0;0;9;3;0;37;55;0;0;0;0;0;0;0;0;0;3;0;0;3;0;0;17;0;0;0;0;0;3;3;0;0;0;0;0;0;0;0;0;0;0;0;0;0;0;0;0;0;0;0;0;0;0;0;0;0;0;0;6;0;0;-0.2558836;-0.23240605;Banco BV;VOTORANTIM;S2;150.0;9.466914;;1.6;0.77;3041.0;0.1
00.f Relatório Anual Integrado Banco Safra 2024.pdf;8;13;BANCO SAFRA;0.1568627450980392;0.09420289855072464;0.11926683716965047;SAFRA (conglomerado);2025;4º;Demais Bancos, Financeiras e Instituições de Pagamento;Conglomerado; ;SAFRA (conglomerado);132.05;2538;238;566;1067;4285588.0;1261168;3291760;0;0;0;0;0;0;0;0;5;0;0;0;0;0;0;0;0;0;0;0;0;0;0;12;2;0;0;0;2;10;0;0;0;0;0;0;0;0;0;0;0;2;0;0;0;5;0;0;10;0;10;0;26;0;0;0;0;33;0;0;0;0;0;0;2;0;0;0;0;12;0;7;0;0;0;0;38;0;0;0;0;0;40;59;0;0;0;0;2;0;0;10;0;0;24;0;12;71;40;2;0;0;0;0;0;0;0;0;0;2;0;0;0;12;31;0;17;17;0;0;0;0;0;2;0;0;0;0;0;0;0;5;0;0;0;0;0;0;0;0;0;0;0;0;0;0;0;0;0;0;0;0;0;0;0;0;0;0;38;0;0;0;0;0;0;0;0;0;5;0;0;0;0.16118766;0.27467653;Banco Safra;SAFRA;S2;332.0;4.285588;;2.8;0.79;2538.0;0.11
00.f Relatório Anual Integrado C6 Bank 2024.pdf;6;11;C6 BANK;0.11764705882352941;0.07971014492753624;0.0948849104859335;BANCO C6 (conglomerado);2025;4º;Top 15 - Bancos, Financeiras e Instituições de Pagamento;Conglomerado; ;BANCO C6 (conglomerado);51.92;6703;384;1738;1421;33467101.0;29181471;8790766;9;0;0;0;0;0;0;0;23;0;0;0;0;23;0;0;0;0;0;0;0;0;0;5;0;0;0;0;0;9;0;0;0;0;0;0;0;0;0;9;0;81;0;0;0;5;0;0;0;0;14;0;176;0;9;0;0;5;5;0;0;0;0;0;5;5;0;0;9;0;0;5;14;0;0;0;186;0;0;0;5;0;36;45;5;0;0;0;0;0;5;63;0;0;213;27;23;100;41;54;0;0;0;0;0;14;0;0;0;0;0;0;0;32;235;27;41;32;0;0;0;0;0;0;0;0;0;0;0;0;0;9;0;5;0;0;0;0;0;5;5;0;0;0;0;0;0;0;0;0;0;0;0;0;0;0;0;0;127;0;0;0;0;0;0;0;0;0;0;0;0;0;-0.19448586;-0.9166791;Banco C6;C6 BANK;S3;60.0;33.467101;;-0.5;0.7;6703.0;-0.05
00.f Relatório Anual Integrado Mercantil 2023.pdf;5;9;MERCANTIL;0.09803921568627451;0.06521739130434782;0.0783461210571185;MERCANTIL DO BRASIL (conglomerado);2025;4º;Demais Bancos, Financeiras e Instituições de Pagamento;Conglomerado; ;MERCANTIL DO BRASIL (conglomerado);221.12;4169;403;1929;878;8724867.0;5709563;4849962;5;0;0;0;0;0;0;5;0;0;0;0;0;24;0;0;0;0;0;0;0;0;0;19;0;0;0;0;0;24;0;0;0;0;0;19;0;0;0;0;0;38;0;0;0;5;0;0;0;0;10;0;43;0;0;0;0;19;0;0;0;0;0;0;0;0;0;0;5;5;0;0;0;0;0;0;10;0;0;0;0;5;5;10;0;0;5;0;0;0;0;0;0;0;38;5;14;105;19;0;0;0;0;0;0;0;0;0;0;77;0;0;0;1187;62;10;24;72;0;0;0;0;0;0;0;0;0;0;0;0;0;0;0;10;0;0;0;0;0;0;0;0;0;0;0;0;0;5;0;0;0;0;0;0;0;0;0;0;43;0;0;0;0;0;0;0;0;0;5;0;0;0;0.4500337;0.4277815;Banco Mercantil;MERCANTIL;S3;37.527356;8.724867;6.66;0.271072;0.868;4169.0;0.298
00.f Relatório Anual Integrado Banco BV 2024.pdf;4;6;BANCO BV;0.0784313725490196;0.043478260869565216;0.057459505541346975;VOTORANTIM (conglomerado);2025;4º;Demais Bancos, Financeiras e Instituições de Pagamento;Conglomerado; ;VOTORANTIM (conglomerado);59.55;3041;196;564;1087;9466914.0;7318240;3675636;14;20;9;0;0;0;0;0;0;3;0;0;0;3;0;0;0;0;0;0;0;0;0;0;3;0;0;0;12;0;0;0;0;0;0;0;0;0;0;0;0;0;0;3;0;0;0;0;9;0;20;0;46;3;0;0;0;3;0;0;3;0;0;0;3;0;0;0;0;32;0;6;0;6;0;0;0;0;6;0;0;3;12;17;6;0;0;0;3;0;0;0;0;6;72;3;26;12;37;20;0;0;0;0;0;6;0;3;0;0;0;0;0;9;3;0;37;55;0;0;0;0;0;0;0;0;0;3;0;0;3;0;0;17;0;0;0;0;0;3;3;0;0;0;0;0;0;0;0;0;0;0;0;0;0;0;0;0;0;0;0;0;0;0;0;0;0;0;0;6;0;0;0.1524304;0.07688676;Banco BV;VOTORANTIM;S2;150.0;9.466914;;1.6;0.77;3041.0;0.1
00.f Relatório Anual Integrado Nubank 2024.pdf;0;13;NUBANK;0.0;0.09420289855072464;0.05652173913043478;NU PAGAMENTOS (conglomerado);2025;4º;Top 15 - Bancos, Financeiras e Instituições de Pagamento;Conglomerado; ;NU PAGAMENTOS (conglomerado);12.04;42638;64;1350;1714;112017464.0;110077655;69756661;0;21;84;0;0;0;0;0;21;63;0;0;21;0;0;0;0;0;0;0;0;21;0;0;0;0;0;0;0;0;0;0;0;0;0;0;0;0;0;0;0;0;0;0;0;0;0;0;0;0;42;0;42;21;42;0;0;0;0;84;0;0;0;0;0;0;0;0;0;21;42;0;0;0;0;0;42;0;21;42;21;0;0;105;0;0;0;0;0;0;0;0;63;105;127;0;21;0;21;63;0;0;0;0;0;0;0;0;0;0;0;0;63;0;0;21;0;0;0;0;0;0;0;0;0;0;0;0;0;0;0;0;0;0;63;0;0;0;21;0;0;21;0;0;0;0;0;0;0;0;0;0;0;0;0;0;0;0;0;0;0;0;0;0;0;0;0;0;0;0;0;0;-0.15575;1.0821259;Nubank;NUBANK;S2;185.0;112.017464;280.5;5.1;0.89;42638.0;0.25
00.f Relatório Anual Integrado RecargaPay 2025.pdf;1;7;RECARGAPAY;0.0196078431372549;0.050724637681159424;0.03827791986359762;RECARGAPAY IP (conglomerado);2025;4º;Demais Bancos, Financeiras e Instituições de Pagamento;Conglomerado; ;RECARGAPAY IP (conglomerado);17.55;1053;84;233;379;13274725.0;13274181;117966;0;0;11;0;0;0;0;0;0;11;0;0;3;0;0;0;0;0;0;0;0;6;0;0;0;0;0;0;0;0;0;0;0;0;0;0;0;0;0;0;11;0;0;0;0;0;3;0;0;3;0;6;0;11;0;0;0;0;0;3;0;0;0;3;0;0;0;0;0;0;0;0;0;14;0;0;0;0;6;0;0;0;0;0;0;0;0;0;0;0;0;0;22;31;0;0;0;0;0;0;0;0;0;0;0;0;19;6;3;3;0;3;0;0;0;0;14;0;0;0;0;0;0;0;0;0;0;0;0;3;0;0;0;0;31;0;0;0;0;0;0;0;0;0;0;0;0;0;0;0;0;0;0;0;0;0;0;0;0;0;0;0;0;0;0;0;0;11;0;0;0;0;-1.2142773;-0.6100785;RecargaPay;RECARGAPAY;S5;0.4719;13.274725;;;0.739;1053.0;
00.f Relatório Anual Integrado Banco Pine 2025.pdf;4;1;BANCO PINE;0.0784313725490196;0.007246376811594203;0.03572037510656437;PINE (conglomerado);2025;4º;Demais Bancos, Financeiras e Instituições de Pagamento;Conglomerado; ;PINE (conglomerado);491.47;2088;382;1239;644;2520038.0;13432;0;0;0;0;0;0;0;0;0;0;0;0;0;0;16;0;0;0;0;0;0;0;0;0;0;0;0;0;0;0;26;0;0;0;0;0;0;0;0;0;0;0;0;0;3;0;0;0;0;0;0;19;0;45;0;0;0;0;0;0;0;0;0;0;0;0;0;0;0;0;10;0;0;0;0;0;0;39;0;0;0;3;0;13;65;0;0;0;0;0;0;0;0;0;0;52;0;0;373;6;0;0;0;0;0;0;0;0;0;0;0;0;0;0;0;19;23;0;23;0;0;0;0;0;0;0;0;0;0;0;0;0;0;0;0;0;0;0;0;0;0;0;0;0;0;0;0;0;0;0;0;0;0;0;0;0;0;0;0;496;0;0;0;0;0;0;0;0;0;0;3;3;0;-0.61227894;-0.120019495;Banco Pine;PINE;S3;32.521364;2.520038;3.02;0.288248;;2088.0;0.334
00.f Relatório Anual Integrado Agibank 2025.pdf;2;4;AGIBANK;0.0392156862745098;0.028985507246376812;0.033077578857630005;AGIBANK (conglomerado);2025;4º;Demais Bancos, Financeiras e Instituições de Pagamento;Conglomerado; ;AGIBANK (conglomerado);362.43;5032;654;2606;1262;7191175.0;5779298;3995829;4;0;0;0;0;0;4;0;28;0;0;0;0;12;0;0;0;0;0;0;0;0;0;16;0;0;0;0;0;8;0;0;0;0;0;12;0;0;0;0;0;24;0;0;0;24;0;0;36;0;40;0;48;0;0;0;0;52;0;0;0;0;0;0;4;0;0;4;0;12;0;36;0;0;0;0;68;0;0;0;12;8;191;68;0;0;4;0;0;0;0;16;0;0;128;4;68;299;120;12;0;0;0;0;0;20;0;0;12;80;8;0;0;231;287;52;359;24;0;0;0;0;0;0;0;0;0;0;0;0;4;4;0;20;0;0;0;0;0;0;4;0;0;0;0;0;0;8;0;0;0;0;0;0;0;0;0;0;128;0;0;0;0;0;0;0;0;0;8;0;0;0;0.66102576;-0.56629723;Agibank;AGIBANK;S4;18.0;7.191175;4.57;0.4;0.7;5032.0;0.22
00.f Relatório Anual Integrado Mercado Pago 2024.pdf;0;6;MERCADO PAGO;0.0;0.043478260869565216;0.02608695652173913;MERCADO PAGO IP (conglomerado);2025;4º;Top 15 - Bancos, Financeiras e Instituições de Pagamento;Conglomerado; ;MERCADO PAGO IP (conglomerado);38.66;12064;441;2661;1821;68819314.0;68741842;9002347;0;6;90;0;0;0;0;0;6;217;0;0;0;18;0;0;0;0;0;0;0;0;0;0;0;0;0;0;6;0;0;0;0;0;0;0;6;0;0;36;157;42;0;0;6;18;18;0;0;36;0;0;60;84;6;6;0;0;0;12;0;0;0;0;0;0;0;0;0;48;0;12;6;151;0;6;6;0;12;30;0;0;0;90;0;0;6;12;0;0;0;30;271;284;121;0;36;0;54;217;78;0;0;0;0;12;42;6;0;0;0;36;6;0;0;30;30;6;0;0;0;0;0;0;0;0;0;12;0;0;0;0;54;6;30;0;0;0;0;0;0;6;0;0;0;0;0;0;0;0;0;0;0;0;0;0;0;0;0;0;0;0;0;0;0;0;0;72;6;0;0;0;0.5949341;-0.24735622;Mercado Pago;MERCADO PAGO;S3;85.0;68.819314;;1.1;0.74;12064.0;0.15
00.f Relatório Anual Integrado Picpay 2024.pdf;0;6;PICPAY;0.0;0.043478260869565216;0.02608695652173913;PICPAY (conglomerado);2025;4º;Top 15 - Bancos, Financeiras e Instituições de Pagamento;Conglomerado; ;PICPAY (conglomerado);55.52;11099;609;3718;1716;66970524.0;66970519;6;6;31;37;0;0;0;6;0;6;6;0;0;6;24;0;0;0;0;0;0;6;0;0;6;0;0;0;0;806;55;0;0;0;0;0;6;0;0;0;61;140;159;6;0;0;12;0;0;0;6;37;18;37;37;6;0;0;6;6;18;0;0;0;0;0;0;0;0;0;31;0;37;24;208;0;6;12;0;6;0;0;0;6;37;0;0;6;6;0;0;0;43;98;128;140;6;43;281;79;195;37;0;0;0;0;12;18;0;0;6;0;18;67;0;73;49;18;18;0;0;0;0;0;0;0;0;0;0;0;6;0;0;6;12;18;0;0;0;6;0;0;0;0;0;0;0;0;0;0;0;0;0;0;0;0;0;0;0;372;0;0;0;0;0;0;0;0;24;12;0;0;0;0.65293425;-0.26223734;PicPay;PICPAY;S3;62.0;66.970524;6.16;0.2;0.72;11099.0;0.05
00.f Relatório Anual Integrado Neon Pagamentos 2025.pdf;0;5;NEON PAGAMENTOS;0.0;0.036231884057971016;0.021739130434782608;NEON PAGAMENTOS IP (conglomerado);2025;4º;Top 15 - Bancos, Financeiras e Instituições de Pagamento;Conglomerado; ;NEON PAGAMENTOS IP (conglomerado);39.59;2903;360;1031;1023;26033974.0;25978261;4324956;9;3;11;0;0;0;0;0;3;40;0;0;0;6;0;0;0;0;0;0;0;0;0;0;0;0;0;0;0;0;0;0;0;0;0;0;6;0;0;0;23;6;0;0;3;6;20;0;14;6;14;14;9;14;3;0;0;0;0;20;0;0;0;0;0;0;0;0;0;49;6;3;3;34;0;0;6;3;17;17;0;0;11;49;0;0;0;0;0;0;0;6;80;109;34;0;3;69;0;86;57;0;0;0;0;0;6;3;3;0;0;0;34;0;23;6;3;0;0;0;0;0;0;0;0;0;0;6;0;3;0;3;37;9;14;0;0;0;0;0;0;6;0;0;0;0;0;0;0;0;0;0;0;0;0;0;0;0;3;0;0;0;0;0;0;0;0;0;3;0;0;0;0.56108886;-0.719888;Neon Pagamentos;NEON;S4;15.0;26.033974;;-0.2;0.65;2903.0;-0.1
00.f Relatório Anual Integrado 99pay.pdf;0;5;99PAY;0.0;0.036231884057971016;0.021739130434782608;99PAY IP (conglomerado);2025;4º;Top 15 - Bancos, Financeiras e Instituições de Pagamento;Conglomerado; ;99PAY IP (conglomerado);16.0;1777;134;418;570;26108586.0;26108584;2;0;0;37;0;0;0;0;0;0;65;0;0;0;0;0;0;0;0;0;0;0;0;0;0;0;0;0;0;0;0;0;0;0;0;0;0;0;0;0;0;0;0;0;0;0;0;3;0;0;0;0;6;0;6;0;0;0;0;0;16;0;3;0;3;0;0;0;0;0;0;0;0;0;16;0;0;0;0;3;0;0;0;0;0;0;0;0;9;0;0;0;0;156;3;0;0;0;0;0;0;0;0;0;0;0;0;6;0;0;0;0;3;0;0;0;0;0;0;0;0;0;0;0;0;0;0;0;28;0;12;0;0;3;0;22;0;0;0;0;0;0;16;0;0;0;0;0;0;0;0;0;0;0;0;0;0;0;0;0;0;0;0;0;0;0;0;0;0;0;0;0;0;-1.0255466;-0.8715699;99Pay;99PAY;S5;0.077442;26.108586;;0.001433;0.742;1777.0;
00.f Relatório Anual Integrado Banco BMG 2025.pdf;1;2;BANCO BMG;0.0196078431372549;0.014492753623188406;0.016538789428815003;BMG (conglomerado);2025;4º;Demais Bancos, Financeiras e Instituições de Pagamento;Conglomerado; ;BMG (conglomerado);83.18;5007;198;778;1279;9347503.0;5260380;6437110;0;0;0;0;0;0;0;24;0;0;0;0;0;12;0;0;0;0;0;0;0;0;0;0;4;0;0;0;8;24;0;0;0;0;0;0;0;0;0;0;0;4;0;0;0;0;0;0;0;0;0;0;51;0;12;0;0;0;4;0;0;0;0;0;4;0;0;0;0;8;0;0;4;0;0;0;0;0;0;0;12;0;4;8;0;0;0;0;0;0;8;8;0;0;94;4;43;20;27;0;0;0;0;0;0;0;0;0;4;24;0;0;0;16;31;20;82;189;0;0;0;0;0;0;0;0;0;0;0;0;8;4;0;4;0;0;0;0;0;0;0;0;0;0;0;0;0;0;0;0;0;0;0;0;0;0;0;0;12;0;0;0;0;0;0;0;0;0;0;0;0;0;-1.0752584;-0.13093594;Banco BMG;BMG;S3;42.0;9.347503;1.9;0.2;0.68;5007.0;0.04
00.f Relatório Anual Integrado Crefisa 2023.pdf;0;3;CREFISA;0.0;0.021739130434782608;0.013043478260869565;CREFISA S.A. CFI (conglomerado);2025;4º;Demais Bancos, Financeiras e Instituições de Pagamento;Conglomerado; ;CREFISA S.A. CFI (conglomerado);111.48;3732;308;898;1277;8056619.0;3804035;5035473;3;0;0;0;0;0;0;0;0;0;0;0;0;9;0;0;0;0;0;0;0;0;0;3;0;0;0;0;134;6;0;0;0;0;0;0;0;0;0;0;0;29;0;3;0;0;0;0;0;0;15;0;12;0;6;0;0;17;0;0;0;0;0;0;0;0;0;0;0;108;0;0;0;0;0;0;6;0;0;0;0;0;15;20;0;0;0;0;0;0;0;12;0;0;0;9;12;6;114;3;0;0;0;0;0;0;0;0;20;225;6;0;0;6;6;3;52;0;0;0;0;0;0;0;0;0;0;0;0;0;3;0;0;6;0;0;0;0;0;6;0;0;0;0;0;0;0;3;0;0;0;0;0;0;0;0;0;3;15;0;0;0;0;0;0;0;0;0;6;0;0;0;0.08486178;-0.7273457;Crefisa;CREFISA;S4;9.277379;8.056619;;0.277343;0.568;3732.0;
00.f Relatório Anual Integrado Sicredi 2024.pdf;1;1;SICREDI;0.0196078431372549;0.007246376811594203;0.012190963341858482;BCO COOPERATIVO SICREDI (conglomerado);2025;4º;Demais Bancos, Financeiras e Instituições de Pagamento;Conglomerado; ;BCO COOPERATIVO SICREDI (conglomerado);0.09370613381610733;268;1;11;24;10671660.0;10639841;332945;0;0;0;0;0;0;0;0;0;0;0;0;0;0;0;0;0;0;0;0;0;0;0;0;0;0;0;0;0;0;0;0;0;0;0;0;0;0;0;0;0;0;0;0;0;0;0;0;0;0;0;0;11;0;0;0;0;0;0;0;0;0;0;0;0;0;0;0;0;0;0;0;0;0;0;0;0;0;0;0;0;0;0;0;0;0;0;0;0;0;0;0;0;0;0;0;0;0;0;0;0;0;0;0;0;0;0;0;0;0;0;0;0;0;0;0;0;0;0;0;0;0;0;0;0;0;0;0;0;0;0;0;0;0;0;0;0;0;0;0;0;0;0;0;0;0;0;0;0;0;0;0;0;0;0;0;0;0;0;0;0;0;0;0;0;0;0;0;0;0;0;0;-0.48205355;0.7541371;Sicredi;SICREDI;S1;425.0;10.67166;;7.1;0.81;268.0;0.18
00.f Relatório Anual Integrado Sicoob 2024.pdf;0;0;SICOOB;0.0;0.0;0.0;BANCO SICOOB (conglomerado);2025;4º;Demais Bancos, Financeiras e Instituições de Pagamento;Conglomerado; ;BANCO SICOOB (conglomerado);2.793018347896131;1429;20;56;513;7160712.0;3232269;4789993;3;0;0;0;0;0;0;0;0;0;0;0;0;0;0;0;0;0;0;0;0;0;0;0;0;0;0;0;3;3;0;0;0;0;0;0;0;0;0;0;0;0;0;0;0;0;0;0;0;0;0;0;3;0;0;0;0;0;0;0;0;0;0;0;0;0;0;0;0;0;0;3;3;0;0;0;0;0;0;0;0;0;0;3;0;0;0;0;0;0;0;0;0;0;8;0;14;0;0;3;0;0;0;0;0;0;0;0;0;0;0;0;0;0;0;0;0;3;0;0;0;0;0;0;0;0;0;0;0;0;0;0;0;8;0;0;0;0;0;0;0;0;0;0;0;0;0;0;0;0;0;0;0;0;0;0;0;0;0;0;0;0;0;0;0;0;0;0;0;0;0;0;-0.24962316;-0.34962204;Sicoob;SICOOB;S1;388.0;7.160712;;8.4;0.83;1429.0;0.2
00.f Relatório Anual Integrado Banco Daycoval 2025.pdf;0;0;BANCO DAYCOVAL;0.0;0.0;0.0;BCO DAYCOVAL S.A (conglomerado);2025;4º;Demais Bancos, Financeiras e Instituições de Pagamento;Conglomerado; ;BCO DAYCOVAL S.A (conglomerado);41.35;2078;30;102;611;2467294.0;550876;2011732;0;0;0;0;0;0;0;0;0;0;0;0;0;0;0;0;0;0;0;0;0;0;0;0;0;0;0;0;0;0;0;0;0;0;0;0;0;0;0;0;0;0;0;0;0;0;0;0;0;0;0;0;14;0;0;0;0;3;0;0;0;0;0;0;3;0;0;0;0;10;0;0;0;0;0;0;7;0;0;0;0;0;3;0;0;0;0;0;0;0;0;3;0;0;20;0;0;17;7;0;0;0;0;0;0;0;0;0;0;0;0;0;0;0;3;3;0;3;0;0;0;0;0;0;0;0;0;0;0;0;0;0;0;0;0;0;0;0;0;0;0;0;0;0;0;0;0;0;0;0;0;0;0;0;0;0;0;0;3;0;0;0;0;0;0;0;0;0;0;0;0;0;-1.265842;0.23635423;Daycoval;DAYCOVAL;S3;100.6;2.467294;;1.797;0.85;2078.0;0.235
