"arquivo","emissor","ano_relatorio","url_portal_oficial","verificado_em","url_direta_do_pdf","observacao"
"00.f Relatório Anual Integrado 99pay.pdf","99Pay","2024","https://99app.com/99pay/","2026-10-03","https://99app.com/99pay/DF-Completa%2099PAY-2024.pdf","Demonstrações financeiras completas da 99Pay IP, 2024; link informado pelo usuário e associado ao ano da linha"
"00.f Relatório Anual Integrado Agibank 2025.pdf","Agibank","2025","https://investors.agiinc.com/pt-br/","2026-10-03","https://static.agibank.com.br/web_public/agi-ui/docs/Relat%C3%B3rio+de+GRSAC+-+2025.pdf","Relatório GRSAC 2025 usado como documento principal do Agibank nesta análise; documento de risco socioambiental e climático, não relatório anual integrado"
"00.f Relatório Anual Integrado Banco ABC 2024.pdf","Banco ABC Brasil","2024","https://ri.abcbrasil.com.br/","2026-10-03","https://api.mziq.com/mzfilemanager/v2/d/6298ef6f-2b75-43f8-b2ab-99e3fe33e809/8ae69c9b-b5a5-c3a4-818b-e8c3add18816?origin=2","Link direto do PDF fornecido pelo usuário; hospedado no gerenciador MZiQ"
"00.f Relatório Anual Integrado Banco BMG 2025.pdf","Banco BMG","2025","https://www.bancobmg.com.br/","2026-10-03","https://api.mziq.com/mzfilemanager/v2/d/36848d56-31bb-401a-8389-1b644ed376f2/1e7962e4-c3f0-29b3-60f1-49c7dd0a946c?origin=2","Link direto do PDF fornecido pelo usuário"
"00.f Relatório Anual Integrado Banco BTG Pactual 2024.pdf","BTG Pactual","2024","https://ri.btgpactual.com/","2026-10-03","https://d169uzu5o4xu1k.cloudfront.net/78a5a309-f13a-41ed-a7d1-814e37b63259/2024/aff1a848-0c83-4c93-bb9f-9d7d809bdb28.pdf","PDF de 2024 informado pelo usuário; associado ao relatório usado na análise"
"00.f Relatório Anual Integrado Banco BV 2024.pdf","Banco BV","2024","https://ri.bv.com.br/","2026-10-03","https://api.mziq.com/mzfilemanager/v2/d/bf56a81b-6210-410e-800e-4f7d40298aab/5ee9fb15-bb28-d8bf-ae01-927ce262080c?origin=2","Link associado ao relatório 2024 por confirmação do usuário; hospedado no gerenciador MZiQ"
"00.f Relatório Anual Integrado Banco Banrisul 2024.pdf","Banrisul","2024","https://ri.banrisul.com.br/","2026-10-03","https://www.banrisul.com.br/bob/site/link/midias/51219_Relatorio-de-sustentabilidade-Banrisul-2022.pdf","Relatório de Sustentabilidade 2022; referência complementar, não é o relatório integrado 2024"
"00.f Relatório Anual Integrado Banco Caixa 2024.pdf","Caixa Econômica Federal","2024","https://ri.caixa.gov.br/","2026-10-03","https://api.mziq.com/mzfilemanager/v2/d/fb86b0b8-b4e9-407b-a575-ba3668a566a9/f3fccd66-ad02-43fe-3f77-5161ac82ea16?origin=2","Link associado ao relatório Caixa 2024 por indicação do usuário; hospedado no gerenciador MZiQ"
"00.f Relatório Anual Integrado Banco da Amazônia 2024.pdf","Banco da Amazônia","2024","https://ri.bancoamazonia.com.br/","2026-10-03","https://api.mziq.com/mzfilemanager/v2/d/348fb9a6-7a7d-45a4-8beb-a6941accbe1d/bf8e4ee2-40e6-a18a-4456-d2a8593d4d0c?origin=2","Link direto associado ao relatório 2024 por indicação do usuário; hospedado no gerenciador MZiQ"
"00.f Relatório Anual Integrado Banco Daycoval 2025.pdf","Banco Daycoval","2025","https://ri.daycoval.com.br/","2026-10-03","https://ri.daycoval.com.br/Arquivos/Download/2797_DF-Daycoval-31122025.pdf","Link oficial informado pelo usuário; confirma-se que é um PDF, não o conteúdo/título pela prévia"
"00.f Relatório Anual Integrado Banco de Brasília 2024.pdf","BRB","2024","https://ri.brb.com.br/","2026-10-03","https://ri.brb.com.br/upload/files/4002_Relato-Integrado-2024.pdf","Link oficial fornecido pelo usuário"
"00.f Relatório Anual Integrado Banco do Brasil 2024.pdf","Banco do Brasil","2024","https://ri.bb.com.br/","2026-10-03","https://api.mziq.com/mzfilemanager/v2/d/5760dff3-15e1-4962-9e81-322a0b3d0bbd/90e38ce5-6517-807f-8418-afb8a13a5c3f?origin=2","Link direto do PDF fornecido pelo usuário; hospedado no gerenciador MZiQ"
"00.f Relatório Anual Integrado Banco do Nordeste 2024.pdf","Banco do Nordeste","2024","https://ri.bnb.gov.br/","2026-10-03","https://www.bnb.gov.br/documents/45791/5887847/Relat%C3%B3rio+Integrado+-+2025.pdf/1dabecbf-b691-7994-547d-6c13c9c683d3?version=3.0&t=1783519128512","Relatório Integrado 2025; referência complementar, não corresponde ao ano de 2024 listado"
"00.f Relatório Anual Integrado Banco Inter 2024.pdf","Banco Inter","2024","https://ri.bancointer.com.br/","2026-10-03","https://api.mziq.com/mzfilemanager/v2/d/b4dc0b14-a83a-40a9-9545-d9e4f18ed7af/5759486a-68f1-481d-4cb5-25fbeb7c73cf?origin=2","Link direto do PDF fornecido pelo usuário; hospedado no gerenciador MZiQ"
"00.f Relatório Anual Integrado Banco Itaú Unibanco 2024.pdf","Itaú Unibanco","2024","https://www.itau.com.br/relacoes-com-investidores","2026-10-03","https://www.itau.com.br/download-file/v2/d/42787847-4cf6-4461-94a5-40ed237dca33/701b655a-d976-52c3-3542-b362563d963e?origin=1","Link direto do PDF fornecido pelo usuário"
"00.f Relatório Anual Integrado Banco Original 2025.pdf","Banco Original","2025","https://www.original.com.br/","2026-10-03","https://www.original.com.br/src/docs/relacoes/original/2025/BANCO_ORIGINAL_IFRS_4603_26_DF_IFRS.pdf","Link oficial informado pelo usuário; PDF de demonstrações financeiras IFRS 2025"
"00.f Relatório Anual Integrado Banco Pine 2025.pdf","Banco Pine","2025","https://www.pine.com/relacao-com-investidores/","2026-10-03","https://duiqud9a6tzqw.cloudfront.net/DF_BRGAAP_06_M26_PT_v_Site_494bfdcf96.pdf","Referência complementar fornecida pelo usuário; PDF de demonstrações financeiras, confirmar período e tipo antes de equiparar ao relatório integrado 2025"
"00.f Relatório Anual Integrado Banco Safra 2024.pdf","Banco Safra","2024","https://www.safra.com.br/","2026-10-03","https://www.safra.com.br/data/files/D1/66/0C/7B/DDE1F910E792D4E901B9F9C2/_N1102_%20Relatorio%20ESG%202025_010726_FINAL.pdf","Relatório ESG 2025; referência complementar, não corresponde ao relatório integrado 2024"
"00.f Relatório Anual Integrado Banco Votorantim 2025.pdf","Banco Votorantim (BV)","2025","https://ri.bv.com.br/","2026-10-03","https://www.votorantim.com.br/wp-content/uploads/2026/04/Relatorio-Anual-2025-Votorantim-S.A.pdf","Relatório Anual 2025 da Votorantim S.A.; referência complementar, não atribuída ao Banco BV"
"00.f Relatório Anual Integrado Bradesco 2024.pdf","Bradesco","2024","https://www.bradescori.com.br/","2026-10-03","https://api.mziq.com/mzfilemanager/v2/d/80f2e993-0a30-421a-9470-a4d5c8ad5e9f/eda04792-7597-4aa1-ff36-4d4c5328dfc0?origin=2","Link direto do PDF fornecido pelo usuário; hospedado no gerenciador MZiQ"
"00.f Relatório Anual Integrado C6 Bank 2024.pdf","C6 Bank","2024","https://www.c6bank.com.br/","2026-10-03","https://cms-assets-p.c6bank.com.br/uploads/relatorio-anual-2024-portugues.pdf","Link direto do PDF fornecido pelo usuário"
"00.f Relatório Anual Integrado Citibank 2022.pdf","Citibank / Citigroup","2022","https://www.citigroup.com/global/investors","2026-10-03","https://www.citigroup.com/rcs/citigpa/storage/public/Annual_Report/2025/citi-2025-annual-report.pdf","Citi Annual Report 2025; referência complementar, não corresponde ao relatório 2022 listado"
"00.f Relatório Anual Integrado Crefisa 2023.pdf","Crefisa","2023","https://www.crefisa.com.br/","2026-10-03","https://www.crefisa.com.br/wp-content/uploads/2026/05/Relatorio-Pilar-3-2025.pdf","Relatório Pilar 3 2025; referência complementar, não corresponde ao relatório integrado 2023"
"00.f Relatório Anual Integrado Mercado Pago 2024.pdf","Mercado Pago / MercadoLibre","2024","https://investor.mercadolibre.com/","2026-10-03","https://cdn.sustentabilidadmercadolibre.com/MELI_Reporte_Anual_2025_pt_v4_b1f53b926d.pdf","Relatório Anual 2025 do MercadoLibre; referência complementar, não corresponde ao relatório 2024 listado"
"00.f Relatório Anual Integrado Mercantil 2023.pdf","Banco Mercantil","2023","https://ri.bancomercantil.com.br/","2026-10-03","https://api.mziq.com/mzfilemanager/v2/d/33817f28-e2e7-40d0-892a-09ddba2e44d6/bae0366a-d74d-9580-0569-d03e8f1b0ef1?origin=2","Link direto do PDF fornecido pelo usuário; associado ao documento usado na análise do Banco Mercantil, mas ano e tipo não confirmados independentemente"
"00.f Relatório Anual Integrado Neon Pagamentos 2025.pdf","Neon Pagamentos","2025","https://neon.com.br/","2026-10-03","https://site.neon.com.br/hubfs/Relat%C3%B3rio_GRSAC_(data_base_2025).pdf?hsLang=pt-br","Relatório GRSAC com data-base 2025; referência complementar, não corresponde necessariamente ao relatório anual integrado"
"00.f Relatório Anual Integrado Nubank 2024.pdf","Nubank","2024","https://investors.nu/","2026-10-03","https://api.mziq.com/mzfilemanager/v2/d/59a081d2-0d63-4bb5-b786-4c07ae26bc74/0f52ee16-9e63-652c-03dd-25a4043fd07a?origin=2","Relatório ESG Nubank 2026; referência complementar, não corresponde ao relatório integrado 2024"
"00.f Relatório Anual Integrado PagBank 2024.pdf","PagBank","2024","https://pagbank.com.br/","2026-10-03","https://api.mziq.com/mzfilemanager/v2/d/d1c190f7-52c1-4663-aa9f-0e0141aa5e3c/2facf4dc-8cf7-3498-d6b6-df204c205b3d?origin=1","Link associado ao relatório integrado 2024 por confirmação do usuário; PDF hospedado no MZiQ"
"00.f Relatório Anual Integrado Picpay 2024.pdf","PicPay","2024","https://picpay.com/pt-br/institucional","2026-10-03","https://cdn.picpay.com/apps/picpay/etica-compliance/relatorio-anual-social-ambiental-e-climatico-SARB-2023.pdf","Relatório anual social, ambiental e climático/SARB, registrado como referência complementar; o nome do PDF indica 2023, enquanto o título fornecido menciona SARB014_2024; não confirmado como relatório anual integrado de 2024"
"00.f Relatório Anual Integrado RecargaPay 2025.pdf","RecargaPay","2025","https://recargapay.com.br/","2026-10-03","https://cnt.recarga.com/assets/documents/relatorio-riscos-capital-pilar3-2025.pdf","Relatório de Riscos e Capital — Pilar 3, 2025; referência complementar, não corresponde necessariamente ao relatório anual integrado"
"00.f Relatório Anual Integrado Santander 2025.pdf","Santander Brasil","2025","https://www.santander.com.br/relacoes-com-investidores","2026-10-03","https://www.santander.com/content/dam/santander-com/es/contenido-paginas/nuestro-compromiso/informes/informes-por-pa%C3%ADses/2024/doc-informes-brasil-informe-anual-integrado-2024-disponible-en-portugues.pdf","Informe Anual Integrado Santander Brasil 2024; referência complementar, não corresponde ao ano de 2025 listado"
"00.f Relatório Anual Integrado Sicoob 2024.pdf","Sicoob","2024","https://www.sicoob.com.br/web/relacaocooperados","2026-10-03","https://www.sicoob.com.br/documents/d/sicoobintegrado/relatorio-anual-2025","Relatório Anual 2025 registrado como referência complementar; não substitui o relatório anual integrado de 2024"
"00.f Relatório Anual Integrado Sicredi 2024.pdf","Sicredi","2024","https://www.sicredi.com.br/home/","2026-10-03","https://www.sicredi.com.br/media/coop/filer_public/2026/03/23/relatorio_2026_arquivo_final_pagina_dupla.pdf","Relatório 2026 registrado como referência complementar; não substitui o relatório integrado de 2024"
"00.f Relatório Anual Integrado Stone 2025.pdf","Stone","2025","https://investors.stone.co/","2026-10-03","https://api.mziq.com/mzfilemanager/v2/d/46ed7b29-1318-408a-a036-ba544e2ecccb/06a66e03-6a99-afe6-d054-6929db140364?origin=2","PDF direto MZiQ informado pelo usuário como documento usado na análise da Stone; ano e tipo não confirmados independentemente pelo endereço"
"00.f Relatório Anual Integrado XP Inc 2024.pdf","XP Inc.","2024","https://investors.xpinc.com/","2026-10-03","https://api.mziq.com/mzfilemanager/v2/d/d1820734-8b3f-4a23-8642-331a3a8561a6/2164e070-13c9-d9ca-b139-91bcc8792657?origin=2","Link direto informado pelo usuário e associado ao relatório de 2024; portal oficial respondeu HTTP 403 a acesso automatizado"
